	model	overall_score
0	decision_tree	0.6822222222222222
1	grad_boost	0.6822222222222221
2	random_forest	0.6599999999999999
