	model	overall_score
0	decision_tree	0.8200000000000001
1	grad_boost	0.8800000000000001
2	random_forest	0.8400000000000001
