	model	overall_score
0	decision_tree	0.72
1	grad_boost	0.6355555555555555
2	random_forest	0.6555555555555554
