	model	overall_score
0	decision_tree	0.7622222222222221
1	grad_boost	0.6844444444444444
2	random_forest	0.5555555555555555
