	model	overall_score
0	decision_tree	0.5599999999999999
1	grad_boost	0.4999999999999999
2	random_forest	0.5399999999999999
