	model	overall_score
0	decision_tree	0.9177777777777777
1	gaussian	0.9155555555555555
2	grad_boost	0.9377777777777776
3	random_forest	0.9155555555555555
