	model	overall_score
0	decision_tree	0.9199999999999999
1	grad_boost	0.96
2	random_forest	0.9199999999999999
3	ridge_class	0.9199999999999999
