	model	overall_score
0	decision_tree	0.5777777777777777
1	grad_boost	0.6199999999999999
2	random_forest	0.5955555555555555
